parcelle;zone;date;time;sequence;ins-7;pl-7;hr-7;t-7;s;ac;ac_m;var_s;var_ac;var_ac_m
BLO;anjou;28/08/1989;6.0;1.0;52.1;0.0;76.57;19.2857142857143;153.2;8.5;7.15;NA;NA;NA
BOR;anjou;28/08/1989;5.0;2.0;52.1;0.0;76.57;19.2857142857143;180.65;5.45;5.5;NA;NA;NA
BOR;anjou;04/09/1989;6.0;2.0;42.8;0.0;75.43;15.628571428571401;194.0;5.0;4.65;13.349999999999994;-0.4500000000000002;-0.8499999999999996
VAL;anjou;28/08/1989;5.0;3.0;52.1;0.0;76.57;19.2857142857143;174.0;6.0;4.25;NA;NA;NA
VAL;anjou;04/09/1989;6.0;3.0;42.8;0.0;75.43;15.628571428571401;186.2;5.5;3.8;12.199999999999989;-0.5;-0.4500000000000002
BON;anjou;04/09/1995;2.0;4.0;38.3;0.0;69.43;16.8928571428571;182.9;7.0;4.36;NA;NA;NA
BON;anjou;11/09/1995;3.0;4.0;23.2;36.5;78.5;17.1571428571429;195.1;6.1;3.4;12.199999999999989;-0.9000000000000004;-0.9600000000000004
BON;anjou;18/09/1995;4.0;4.0;30.5;31.0;80.07;15.55;206.4;5.5;3.3;11.300000000000011;-0.5999999999999996;-0.10000000000000009
BON;anjou;24/09/1995;5.0;4.0;32.8;13.5;79.71;15.1714285714286;221.05;5.3;3.2;14.650000000000006;-0.20000000000000018;-0.09999999999999964
BON;anjou;02/10/1995;6.0;4.0;21.2;6.0;82.86;13.9214285714286;230.2;4.9;2.38;9.149999999999977;-0.39999999999999947;-0.8200000000000003
BOR;anjou;04/09/1995;2.0;5.0;38.3;0.0;69.43;16.8928571428571;158.65;9.4;7.98;NA;NA;NA
BOR;anjou;11/09/1995;3.0;5.0;23.2;36.5;78.5;17.1571428571429;175.1;7.8;6.08;16.44999999999999;-1.6000000000000005;-1.9000000000000004
BOR;anjou;18/09/1995;4.0;5.0;30.5;31.0;80.07;15.55;186.2;6.8;5.11;11.099999999999994;-1.0;-0.9699999999999998
BOR;anjou;24/09/1995;5.0;5.0;32.8;13.5;79.71;15.1714285714286;199.6;6.4;5.37;13.400000000000006;-0.39999999999999947;0.2599999999999998
BOR;anjou;02/10/1995;6.0;5.0;21.2;6.0;82.86;13.9214285714286;206.4;5.9;4.09;6.800000000000011;-0.5;-1.2800000000000002
SAU;anjou;04/09/1995;2.0;6.0;38.3;0.0;69.43;16.8928571428571;165.2;7.6;5.24;NA;NA;NA
SAU;anjou;11/09/1995;3.0;6.0;23.2;36.5;78.5;17.1571428571429;172.9;6.7;4.02;7.700000000000017;-0.8999999999999995;-1.2200000000000006
SAU;anjou;18/09/1995;4.0;6.0;30.5;31.0;80.07;15.55;178.4;6.0;3.88;5.5;-0.7000000000000002;-0.13999999999999968
SAU;anjou;24/09/1995;5.0;6.0;32.8;13.5;79.71;15.1714285714286;187.3;5.75;3.6;8.900000000000006;-0.25;-0.2799999999999998
SAU;anjou;02/10/1995;6.0;6.0;21.2;6.0;82.86;13.9214285714286;195.1;5.3;3.08;7.799999999999983;-0.4500000000000002;-0.52
BLO;anjou;11/09/1995;3.0;7.0;23.2;36.5;78.5;17.1571428571429;166.3;7.9;5.52;NA;NA;NA
BLO;anjou;18/09/1995;4.0;7.0;30.5;31.0;80.07;15.55;176.2;6.8;4.92;9.899999999999977;-1.1000000000000005;-0.5999999999999996
BLO;anjou;24/09/1995;5.0;7.0;32.8;13.5;79.71;15.1714285714286;190.7;6.3;4.65;14.5;-0.5;-0.2699999999999996
BLO;anjou;02/10/1995;6.0;7.0;21.2;6.0;82.86;13.9214285714286;197.4;5.9;3.52;6.700000000000017;-0.39999999999999947;-1.1300000000000003
BLO;anjou;16/09/1996;1.0;8.0;52.4;0.0;67.57;14.5785714285714;188.6;8.34;5.52;NA;NA;NA
BLO;anjou;23/09/1996;2.0;8.0;29.7;29.5;78.71;13.214285714285701;191.9;7.11;4.29;3.3000000000000114;-1.2299999999999995;-1.2299999999999995
BLO;anjou;30/09/1996;3.0;8.0;36.6;13.5;78.14;15.7785714285714;200.0;6.27;3.83;8.099999999999994;-0.8400000000000007;-0.45999999999999996
BLO;anjou;07/10/1996;4.0;8.0;36.9;11.0;77.93;12.6;219.5;5.89;3.2;19.5;-0.3799999999999999;-0.6299999999999999
BLO;anjou;14/10/1996;5.0;8.0;23.4;0.5;82.64;14.142857142857098;219.5;5.77;3.78;0.0;-0.1200000000000001;0.5799999999999996
BLO;anjou;21/10/1996;6.0;8.0;31.4;3.5;80.14;13.4857142857143;227.55;5.74;3.15;8.050000000000011;-0.02999999999999936;-0.6299999999999999
BON;anjou;16/09/1996;1.0;9.0;52.4;0.0;67.57;14.5785714285714;222.9;6.53;3.31;NA;NA;NA
BON;anjou;23/09/1996;2.0;9.0;29.7;29.5;78.71;13.214285714285701;225.2;5.74;2.68;2.299999999999983;-0.79;-0.6299999999999999
BON;anjou;30/09/1996;3.0;9.0;36.6;13.5;78.14;15.7785714285714;231.1;5.24;2.23;5.900000000000006;-0.5;-0.4500000000000002
BON;anjou;07/10/1996;4.0;9.0;36.9;11.0;77.93;12.6;239.3;4.99;2.22;8.200000000000017;-0.25;-0.009999999999999787
BON;anjou;14/10/1996;5.0;9.0;23.4;0.5;82.64;14.142857142857098;249.7;4.98;2.54;10.399999999999977;-0.009999999999999787;0.31999999999999984
BON;anjou;21/10/1996;6.0;9.0;31.4;3.5;80.14;13.4857142857143;249.2;4.85;1.7;-0.5;-0.13000000000000078;-0.8400000000000001
BOR;anjou;16/09/1996;1.0;10.0;52.4;0.0;67.57;14.5785714285714;194.2;8.32;6.56;NA;NA;NA
BOR;anjou;23/09/1996;2.0;10.0;29.7;29.5;78.71;13.214285714285701;200.0;7.11;4.73;5.800000000000011;-1.21;-1.8299999999999992
BOR;anjou;30/09/1996;3.0;10.0;36.6;13.5;78.14;15.7785714285714;211.4;6.65;3.89;11.400000000000006;-0.45999999999999996;-0.8400000000000003
BOR;anjou;07/10/1996;4.0;10.0;36.9;11.0;77.93;12.6;207.9;6.28;3.98;-3.5;-0.3700000000000001;0.08999999999999986
BOR;anjou;14/10/1996;5.0;10.0;23.4;0.5;82.64;14.142857142857098;233.4;6.26;4.6;25.5;-0.020000000000000462;0.6199999999999997
BOR;anjou;21/10/1996;6.0;10.0;31.4;3.5;80.14;13.4857142857143;236.85;6.35;4.12;3.4499999999999886;0.08999999999999986;-0.47999999999999954
SAU;anjou;16/09/1996;1.0;11.0;52.4;0.0;67.57;14.5785714285714;204.5;7.03;3.55;NA;NA;NA
SAU;anjou;23/09/1996;2.0;11.0;29.7;29.5;78.71;13.214285714285701;204.5;6.08;3.3;0.0;-0.9500000000000002;-0.25
SAU;anjou;30/09/1996;3.0;11.0;36.6;13.5;78.14;15.7785714285714;206.8;5.47;2.78;2.3000000000000114;-0.6100000000000003;-0.52
SAU;anjou;07/10/1996;4.0;11.0;36.9;11.0;77.93;12.6;209.1;5.22;2.41;2.299999999999983;-0.25;-0.36999999999999966
SAU;anjou;14/10/1996;5.0;11.0;23.4;0.5;82.64;14.142857142857098;218.3;5.23;3.23;9.200000000000017;0.010000000000000675;0.8199999999999998
SAU;anjou;21/10/1996;6.0;11.0;31.4;3.5;80.14;13.4857142857143;222.9;5.32;2.9;4.599999999999994;0.08999999999999986;-0.33000000000000007
VAL;anjou;16/09/1996;1.0;12.0;52.4;0.0;67.57;14.5785714285714;209.1;6.62;3.64;NA;NA;NA
VAL;anjou;23/09/1996;2.0;12.0;29.7;29.5;78.71;13.214285714285701;212.4;5.69;3.57;3.3000000000000114;-0.9299999999999997;-0.07000000000000028
VAL;anjou;30/09/1996;3.0;12.0;36.6;13.5;78.14;15.7785714285714;222.9;5.16;2.5;10.5;-0.5300000000000002;-1.0699999999999998
VAL;anjou;07/10/1996;4.0;12.0;36.9;11.0;77.93;12.6;233.4;4.96;2.36;10.5;-0.20000000000000018;-0.14000000000000012
VAL;anjou;14/10/1996;5.0;12.0;23.4;0.5;82.64;14.142857142857098;245.0;4.89;2.95;11.599999999999994;-0.07000000000000028;0.5900000000000003
VAL;anjou;21/10/1996;6.0;12.0;31.4;3.5;80.14;13.4857142857143;251.85;4.8;2.66;6.849999999999994;-0.08999999999999986;-0.29000000000000004
BON;anjou;01/09/1997;1.0;13.0;29.9;22.5;81.14;18.5;170.4;8.13;6.54;NA;NA;NA
BON;anjou;08/09/1997;2.0;13.0;49.3;0.0;75.43;17.1285714285714;191.9;5.88;4.38;21.5;-2.250000000000001;-2.16
BON;anjou;15/09/1997;3.0;13.0;52.0;0.5;72.29;15.6;219.5;5.6;3.62;27.599999999999994;-0.28000000000000025;-0.7599999999999998
BON;anjou;22/09/1997;4.0;13.0;52.1;92.0;65.79;19.121428571428602;244.0;4.35;3.23;24.5;-1.25;-0.3900000000000001
BON;anjou;29/09/1997;5.0;13.0;55.0;0.0;65.5;17.6428571428571;260.1;4.05;2.06;16.100000000000023;-0.2999999999999998;-1.17
BON;anjou;06/10/1997;6.0;13.0;42.2;4.5;74.07;16.8571428571429;271.8;3.4;1.9;11.699999999999989;-0.6499999999999999;-0.16000000000000014
SAU;anjou;01/09/1997;1.0;14.0;29.9;22.5;81.14;18.5;151.5;8.23;7.4;NA;NA;NA
SAU;anjou;08/09/1997;2.0;14.0;49.3;0.0;75.43;17.1285714285714;174.9;6.37;4.9;23.400000000000006;-1.8600000000000003;-2.5
SAU;anjou;15/09/1997;3.0;14.0;52.0;0.5;72.29;15.6;196.5;5.75;4.35;21.599999999999994;-0.6200000000000001;-0.5500000000000007
SAU;anjou;22/09/1997;4.0;14.0;52.1;92.0;65.79;19.121428571428602;214.8;4.5;3.95;18.30000000000001;-1.25;-0.39999999999999947
SAU;anjou;29/09/1997;5.0;14.0;55.0;0.0;65.5;17.6428571428571;226.4;3.95;2.66;11.599999999999994;-0.5499999999999998;-1.29
SAU;anjou;06/10/1997;6.0;14.0;42.2;4.5;74.07;16.8571428571429;231.1;3.75;2.56;4.699999999999989;-0.20000000000000018;-0.10000000000000009
VAL;anjou;01/09/1997;1.0;15.0;29.9;22.5;81.14;18.5;164.8;7.45;6.18;NA;NA;NA
VAL;anjou;08/09/1997;2.0;15.0;49.3;0.0;75.43;17.1285714285714;189.7;5.77;4.3;24.899999999999977;-1.6800000000000006;-1.88
VAL;anjou;15/09/1997;3.0;15.0;52.0;0.5;72.29;15.6;211.4;5.1;3.52;21.700000000000017;-0.6699999999999999;-0.7799999999999998
VAL;anjou;22/09/1997;4.0;15.0;52.1;92.0;65.79;19.121428571428602;233.4;4.2;3.16;22.0;-0.8999999999999995;-0.3599999999999999
VAL;anjou;29/09/1997;5.0;15.0;55.0;0.0;65.5;17.6428571428571;250.7;4.05;2.18;17.299999999999983;-0.15000000000000036;-0.98
VAL;anjou;06/10/1997;6.0;15.0;42.2;4.5;74.07;16.8571428571429;260.1;3.7;1.98;9.400000000000034;-0.34999999999999964;-0.20000000000000018
BLO;anjou;08/09/1997;2.0;16.0;49.3;0.0;75.43;17.1285714285714;155.9;9.6;8.52;NA;NA;NA
BLO;anjou;15/09/1997;3.0;16.0;52.0;0.5;72.29;15.6;179.4;8.7;6.55;23.5;-0.9000000000000004;-1.9699999999999998
BLO;anjou;22/09/1997;4.0;16.0;52.1;92.0;65.79;19.121428571428602;201.1;6.6;5.41;21.69999999999999;-2.0999999999999996;-1.1399999999999997
BLO;anjou;29/09/1997;5.0;16.0;55.0;0.0;65.5;17.6428571428571;219.5;5.9;3.83;18.400000000000006;-0.6999999999999993;-1.58
BLO;anjou;06/10/1997;6.0;16.0;42.2;4.5;74.07;16.8571428571429;239.3;5.35;3.67;19.80000000000001;-0.5500000000000007;-0.16000000000000014
BOR;anjou;15/09/1997;3.0;17.0;52.0;0.5;72.29;15.6;183.9;9.3;7.38;NA;NA;NA
BOR;anjou;22/09/1997;4.0;17.0;52.1;92.0;65.79;19.121428571428602;202.2;7.05;5.64;18.299999999999983;-2.250000000000001;-1.7400000000000002
BOR;anjou;29/09/1997;5.0;17.0;55.0;0.0;65.5;17.6428571428571;213.6;6.3;4.99;11.400000000000006;-0.75;-0.6499999999999995
BOR;anjou;06/10/1997;6.0;17.0;42.2;4.5;74.07;16.8571428571429;224.1;5.6;4.46;10.5;-0.7000000000000002;-0.5300000000000002
BON;anjou;14/09/1998;2.0;18.0;33.5;22.5;78.21;15.771428571428599;181.7;7.61;4.84;NA;NA;NA
BON;anjou;21/09/1998;3.0;18.0;58.2;3.5;72.57;16.0214285714286;206.8;6.66;4.58;25.100000000000023;-0.9500000000000002;-0.2599999999999998
BON;anjou;28/09/1998;4.0;18.0;37.3;43.5;77.14;17.071428571428598;213.6;5.59;3.61;6.799999999999983;-1.0700000000000003;-0.9700000000000002
BON;anjou;05/10/1998;5.0;18.0;22.3;33.0;81.07;13.642857142857098;222.83;5.41;3.52;9.230000000000018;-0.17999999999999972;-0.08999999999999986
BON;anjou;12/10/1998;6.0;18.0;16.3;12.5;82.93;11.978571428571401;226.4;5.53;3.96;3.569999999999993;0.1200000000000001;0.43999999999999995
SAU;anjou;14/09/1998;2.0;19.0;33.5;22.5;78.21;15.771428571428599;160.4;8.77;6.26;NA;NA;NA
SAU;anjou;21/09/1998;3.0;19.0;58.2;3.5;72.57;16.0214285714286;185.1;7.52;5.9;24.69999999999999;-1.25;-0.35999999999999943
SAU;anjou;28/09/1998;4.0;19.0;37.3;43.5;77.14;17.071428571428598;193.1;6.55;4.61;8.0;-0.9699999999999998;-1.29
SAU;anjou;05/10/1998;5.0;19.0;22.3;33.0;81.07;13.642857142857098;199.94;6.28;4.06;6.840000000000003;-0.2699999999999996;-0.5500000000000007
SAU;anjou;12/10/1998;6.0;19.0;16.3;12.5;82.93;11.978571428571401;204.5;6.13;5.29;4.560000000000002;-0.15000000000000036;1.2300000000000004
VAL;anjou;14/09/1998;2.0;20.0;33.5;22.5;78.21;15.771428571428599;173.7;8.68;6.19;NA;NA;NA
VAL;anjou;21/09/1998;3.0;20.0;58.2;3.5;72.57;16.0214285714286;193.1;7.51;5.3;19.400000000000006;-1.17;-0.8900000000000006
VAL;anjou;28/09/1998;4.0;20.0;37.3;43.5;77.14;17.071428571428598;200.0;6.53;4.84;6.900000000000006;-0.9799999999999995;-0.45999999999999996
VAL;anjou;05/10/1998;5.0;20.0;22.3;33.0;81.07;13.642857142857098;201.96;6.1;4.16;1.960000000000008;-0.4300000000000006;-0.6799999999999997
VAL;anjou;12/10/1998;6.0;20.0;16.3;12.5;82.93;11.978571428571401;207.9;6.16;5.09;5.939999999999998;0.0600000000000005;0.9299999999999997
BLO;anjou;21/09/1998;3.0;21.0;58.2;3.5;72.57;16.0214285714286;177.2;9.12;7.05;NA;NA;NA
BLO;anjou;28/09/1998;4.0;21.0;37.3;43.5;77.14;17.071428571428598;182.8;7.9;5.45;5.600000000000023;-1.2199999999999989;-1.5999999999999996
BLO;anjou;05/10/1998;5.0;21.0;22.3;33.0;81.07;13.642857142857098;191.86;6.87;4.84;9.060000000000002;-1.0300000000000002;-0.6100000000000003
BLO;anjou;12/10/1998;6.0;21.0;16.3;12.5;82.93;11.978571428571401;191.9;6.54;5.38;0.03999999999999204;-0.33000000000000007;0.54
BOR;anjou;21/09/1998;3.0;22.0;58.2;3.5;72.57;16.0214285714286;186.3;8.74;6.72;NA;NA;NA
BOR;anjou;28/09/1998;4.0;22.0;37.3;43.5;77.14;17.071428571428598;189.7;7.72;5.83;3.3999999999999773;-1.0200000000000005;-0.8899999999999997
BOR;anjou;05/10/1998;5.0;22.0;22.3;33.0;81.07;13.642857142857098;194.22;7.11;5.37;4.52000000000001;-0.6099999999999994;-0.45999999999999996
BOR;anjou;12/10/1998;6.0;22.0;16.3;12.5;82.93;11.978571428571401;203.3;6.97;5.92;9.080000000000013;-0.14000000000000057;0.5499999999999998
BLO;anjou;06/09/1999;4.0;23.0;71.2;0.0;65.5;20.45;180.5;7.85;6.54;NA;NA;NA
BLO;anjou;13/09/1999;5.0;23.0;48.1;62.0;72.07;20.157142857142897;196.5;5.9;4.04;16.0;-1.9499999999999993;-2.5
BLO;anjou;20/09/1999;6.0;23.0;32.6;20.0;77.79;16.0428571428571;196.5;5.45;3.98;0.0;-0.4500000000000002;-0.06000000000000005
BON;anjou;13/09/1999;1.0;24.0;48.1;62.0;72.07;20.157142857142897;222.9;4.97;2.68;NA;NA;NA
BON;anjou;20/09/1999;2.0;24.0;32.6;20.0;77.79;16.0428571428571;225.2;4.86;2.84;2.299999999999983;-0.10999999999999943;0.1599999999999997
BON;anjou;27/09/1999;3.0;24.0;29.4;45.5;82.36;18.1357142857143;227.6;4.52;2.67;2.4000000000000057;-0.34000000000000075;-0.16999999999999993
BON;anjou;04/10/1999;4.0;24.0;31.6;61.5;84.07;15.157142857142901;235.8;4.11;2.21;8.200000000000017;-0.40999999999999925;-0.45999999999999996
BON;anjou;12/10/1999;5.0;24.0;35.2;0.5;82.64;13.557142857142901;246.4;4.46;2.82;10.599999999999994;0.34999999999999964;0.6099999999999999
BON;anjou;18/10/1999;6.0;24.0;19.8;13.0;90.79;13.021428571428599;227.6;4.64;2.61;-18.80000000000001;0.17999999999999972;-0.20999999999999996
BOR;anjou;13/09/1999;1.0;25.0;48.1;62.0;72.07;20.157142857142897;196.5;6.39;4.88;NA;NA;NA
BOR;anjou;20/09/1999;2.0;25.0;32.6;20.0;77.79;16.0428571428571;196.5;6.12;5.18;0.0;-0.2699999999999996;0.2999999999999998
BOR;anjou;27/09/1999;3.0;25.0;29.4;45.5;82.36;18.1357142857143;196.5;5.51;4.46;0.0;-0.6100000000000003;-0.7199999999999998
BOR;anjou;04/10/1999;4.0;25.0;31.6;61.5;84.07;15.157142857142901;207.9;5.23;3.69;11.400000000000006;-0.27999999999999936;-0.77
BOR;anjou;12/10/1999;5.0;25.0;35.2;0.5;82.64;13.557142857142901;218.3;5.35;4.38;10.400000000000006;0.11999999999999922;0.69
BOR;anjou;18/10/1999;6.0;25.0;19.8;13.0;90.79;13.021428571428599;214.8;6.02;4.47;-3.5;0.6699999999999999;0.08999999999999986
SAU;anjou;13/09/1999;1.0;26.0;48.1;62.0;72.07;20.157142857142897;193.1;5.13;3.36;NA;NA;NA
SAU;anjou;20/09/1999;2.0;26.0;32.6;20.0;77.79;16.0428571428571;195.3;4.94;3.16;2.200000000000017;-0.1899999999999995;-0.19999999999999973
SAU;anjou;27/09/1999;3.0;26.0;29.4;45.5;82.36;18.1357142857143;190.8;4.32;2.67;-4.5;-0.6200000000000001;-0.4900000000000002
SAU;anjou;04/10/1999;4.0;26.0;31.6;61.5;84.07;15.157142857142901;214.8;4.06;2.77;24.0;-0.2600000000000007;0.10000000000000009
SAU;anjou;12/10/1999;5.0;26.0;35.2;0.5;82.64;13.557142857142901;227.6;4.43;3.24;12.799999999999983;0.3700000000000001;0.4700000000000002
SAU;anjou;18/10/1999;6.0;26.0;19.8;13.0;90.79;13.021428571428599;225.2;5.36;3.54;-2.4000000000000057;0.9300000000000006;0.2999999999999998
VAL;anjou;13/09/1999;1.0;27.0;48.1;62.0;72.07;20.157142857142897;202.2;5.08;2.82;NA;NA;NA
VAL;anjou;20/09/1999;2.0;27.0;32.6;20.0;77.79;16.0428571428571;209.1;4.83;3.12;6.900000000000006;-0.25;0.30000000000000027
VAL;anjou;27/09/1999;3.0;27.0;29.4;45.5;82.36;18.1357142857143;214.8;4.6;2.85;5.700000000000017;-0.23000000000000043;-0.27
VAL;anjou;04/10/1999;4.0;27.0;31.6;61.5;84.07;15.157142857142901;224.1;4.1;2.06;9.299999999999983;-0.5;-0.79
VAL;anjou;11/10/1999;5.0;27.0;36.3;0.5;81.29;12.7;238.2;4.05;2.51;14.099999999999994;-0.04999999999999982;0.44999999999999973
VAL;anjou;18/10/1999;6.0;27.0;19.8;13.0;90.79;13.021428571428599;240.3;4.39;2.42;2.1000000000000227;0.33999999999999986;-0.08999999999999986
BON;anjou;11/09/2000;3.0;28.0;63.3;0.0;67.86;19.842857142857103;187.4;8.2;7.2;NA;NA;NA
BON;anjou;18/09/2000;4.0;28.0;34.6;30.0;72.71;17.35;196.5;6.81;5.8;9.099999999999994;-1.3899999999999997;-1.4000000000000004
BON;anjou;25/09/2000;5.0;28.0;34.5;12.0;77.21;17.2142857142857;210.3;5.73;4.86;13.800000000000011;-1.0799999999999992;-0.9399999999999995
BON;anjou;02/10/2000;6.0;28.0;37.2;38.0;78.0;15.2642857142857;224.1;5.21;3.76;13.799999999999983;-0.5200000000000005;-1.1000000000000005
SAU;anjou;11/09/2000;3.0;29.0;63.3;0.0;67.86;19.842857142857103;174.9;8.36;8.0;NA;NA;NA
SAU;anjou;18/09/2000;4.0;29.0;34.6;30.0;72.71;17.35;180.5;7.17;6.6;5.599999999999994;-1.1899999999999995;-1.4000000000000004
SAU;anjou;25/09/2000;5.0;29.0;34.5;12.0;77.21;17.2142857142857;187.4;6.5;5.76;6.900000000000006;-0.6699999999999999;-0.8399999999999999
SAU;anjou;02/10/2000;6.0;29.0;37.2;38.0;78.0;15.2642857142857;201.1;5.83;4.83;13.699999999999989;-0.6699999999999999;-0.9299999999999997
BOR;anjou;18/09/2000;4.0;30.0;34.6;30.0;72.71;17.35;179.4;7.95;7.0;NA;NA;NA
BOR;anjou;25/09/2000;5.0;30.0;34.5;12.0;77.21;17.2142857142857;186.3;6.97;5.96;6.900000000000006;-0.9800000000000004;-1.04
BOR;anjou;02/10/2000;6.0;30.0;37.2;38.0;78.0;15.2642857142857;188.6;6.97;5.84;2.299999999999983;0.0;-0.1200000000000001
BLO;anjou;25/09/2000;5.0;31.0;34.5;12.0;77.21;17.2142857142857;181.7;7.64;6.44;NA;NA;NA
BLO;anjou;02/10/2000;6.0;31.0;37.2;38.0;78.0;15.2642857142857;180.5;7.64;6.74;-1.1999999999999886;0.0;0.2999999999999998
VAL;anjou;25/09/2000;5.0;32.0;34.5;12.0;77.21;17.2142857142857;206.8;5.57;4.32;NA;NA;NA
VAL;anjou;02/10/2000;6.0;32.0;37.2;38.0;78.0;15.2642857142857;219.5;5.16;3.65;12.699999999999989;-0.41000000000000014;-0.6700000000000004
SAU;anjou;04/09/2001;6.0;33.0;38.1;18.5;68.79;16.735714285714298;151.0;9.1;8.4;NA;NA;NA
VAL;anjou;04/09/2001;6.0;34.0;38.1;18.5;68.79;16.735714285714298;156.0;9.3;9.0;NA;NA;NA
CAD;anjou;13/09/2016;2.0;35.0;44.9;12.8;66.57;22.5;160.4;7.99;8.11;NA;NA;NA
CAD;anjou;20/09/2016;3.0;35.0;24.4;11.6;76.21;17.7714285714286;171.5;6.62;6.38;11.099999999999994;-1.37;-1.7299999999999995
CAD;anjou;27/09/2016;4.0;35.0;48.5;0.4;68.21;18.3357142857143;205.7;5.78;4.69;34.19999999999999;-0.8399999999999999;-1.6899999999999995
CAD;anjou;04/10/2016;5.0;35.0;41.0;5.8;74.86;16.15;212.5;5.29;4.08;6.800000000000011;-0.4900000000000002;-0.6100000000000003
CAD;anjou;11/10/2016;6.0;35.0;38.8;0.2;71.5;13.1;224.1;5.19;4.15;11.599999999999994;-0.09999999999999964;0.07000000000000028
COR;anjou;13/09/2016;1.0;36.0;71.0;10.4;69.29;20.1928571428571;160.4;7.99;6.93;NA;NA;NA
COR;anjou;20/09/2016;2.0;36.0;54.0;11.4;79.07;16.5428571428571;178.3;6.08;4.92;17.900000000000006;-1.9100000000000001;-2.01
COR;anjou;27/09/2016;3.0;36.0;62.0;0.4;70.5;16.1142857142857;207.9;6.17;4.5;29.599999999999994;0.08999999999999986;-0.41999999999999993
COR;anjou;04/10/2016;4.0;36.0;57.0;4.4;77.43;14.6714285714286;210.3;5.64;3.68;2.4000000000000057;-0.5300000000000002;-0.8199999999999998
COR;anjou;11/10/2016;5.0;36.0;57.0;0.0;72.86;11.0071428571429;218.3;5.59;3.93;8.0;-0.04999999999999982;0.25
COR;anjou;11/10/2016;6.0;36.0;39.0;5.0;79.93;10.67;221.7;5.24;3.12;3.3999999999999773;-0.34999999999999964;-0.81
D2M;anjou;13/09/2016;1.0;37.0;NA;NA;NA;NA;NA;NA;NA;NA;NA;NA
D2M;anjou;13/09/2016;2.0;37.0;69.0;12.4;69.07;20.8;165.9;7.94;8.15;NA;NA;NA
D2M;anjou;20/09/2016;3.0;37.0;51.0;12.2;78.86;17.4357142857143;180.5;6.13;5.93;14.599999999999994;-1.8100000000000005;-2.2200000000000006
D2M;anjou;27/09/2016;4.0;37.0;63.0;0.6;69.93;16.692857142857097;207.9;6.08;5.38;27.400000000000006;-0.04999999999999982;-0.5499999999999998
D2M;anjou;04/10/2016;5.0;37.0;61.0;8.6;76.71;15.1714285714286;217.2;5.68;4.84;9.299999999999983;-0.40000000000000036;-0.54
D2M;anjou;11/10/2016;6.0;37.0;57.0;0.0;72.71;11.98;231.1;5.59;4.43;13.900000000000006;-0.08999999999999986;-0.41000000000000014
FAY;anjou;13/09/2016;1.0;38.0;NA;NA;NA;NA;NA;NA;NA;NA;NA;NA
FAY;anjou;13/09/2016;2.0;38.0;71.0;10.4;69.29;20.1928571428571;158.1;8.58;8.5;NA;NA;NA
FAY;anjou;20/09/2016;3.0;38.0;54.0;11.4;79.07;16.5428571428571;169.3;7.45;6.09;11.200000000000017;-1.13;-2.41
FAY;anjou;27/09/2016;4.0;38.0;62.0;0.4;70.5;16.1142857142857;198.8;6.71;5.54;29.5;-0.7400000000000002;-0.5499999999999998
FAY;anjou;04/10/2016;5.0;38.0;57.0;4.4;77.43;14.6714285714286;205.7;6.03;4.9;6.899999999999977;-0.6799999999999997;-0.6399999999999997
FAY;anjou;11/10/2016;6.0;38.0;57.0;0.0;71.5;11.87;224.1;5.73;4.89;18.400000000000006;-0.2999999999999998;-0.010000000000000675
MB;anjou;13/09/2016;1.0;39.0;52.8;17.5;64.36;21.4428571428571;150.3;8.53;6.9;NA;NA;NA
MB;anjou;20/09/2016;2.0;39.0;21.3;16.5;76.86;17.242857142857098;165.9;6.37;4.96;15.599999999999994;-2.1599999999999993;-1.9400000000000004
MB;anjou;27/09/2016;3.0;39.0;56.4;0.0;65.36;17.178571428571402;194.2;6.47;4.69;28.299999999999983;0.09999999999999964;-0.2699999999999996
MB;anjou;04/10/2016;4.0;39.0;41.7;10.0;72.93;15.521428571428599;205.7;6.03;4.29;11.5;-0.4399999999999995;-0.40000000000000036
MB;anjou;11/10/2016;5.0;39.0;45.3;0.5;69.93;11.728571428571401;213.6;5.59;3.97;7.900000000000006;-0.4400000000000004;-0.31999999999999984
MB;anjou;18/10/2016;6.0;39.0;32.8;3.5;75.64;11.4928571428571;214.8;5.54;3.66;1.200000000000017;-0.04999999999999982;-0.31000000000000005
PUY;anjou;13/09/2016;1.0;40.0;67.0;6.6;68.36;20.5642857142857;158.1;8.87;8.08;NA;NA;NA
PUY;anjou;20/09/2016;2.0;40.0;51.25;12.8;76.86;16.7;173.7;6.13;4.97;15.599999999999994;-2.7399999999999993;-3.1100000000000003
PUY;anjou;27/09/2016;3.0;40.0;60.75;0.2;69.86;16.5642857142857;201.1;6.08;4.38;27.400000000000006;-0.04999999999999982;-0.5899999999999999
PUY;anjou;04/10/2016;4.0;40.0;57.0;1.0;75.36;14.9357142857143;207.9;5.68;3.95;6.800000000000011;-0.40000000000000036;-0.4299999999999997
PUY;anjou;11/10/2016;5.0;40.0;53.5;0.0;71.86;11.442857142857099;220.6;5.54;3.77;12.699999999999989;-0.13999999999999968;-0.18000000000000016
PUY;anjou;18/10/2016;6.0;40.0;39.25;0.0;78.71;10.8214285714286;226.4;5.54;3.66;5.800000000000011;0.0;-0.10999999999999988
RAB;anjou;13/09/2016;2.0;41.0;61.0;21.4;67.07;21.557142857142896;155.9;7.01;5.71;NA;NA;NA
RAB;anjou;20/09/2016;3.0;41.0;51.0;16.4;79.5;17.3928571428571;169.3;5.44;4.4;13.400000000000006;-1.5699999999999994;-1.3099999999999996
RAB;anjou;27/09/2016;4.0;41.0;62.0;0.2;68.43;17.2285714285714;191.9;5.59;3.78;22.599999999999994;0.14999999999999947;-0.6200000000000006
RAB;anjou;04/10/2016;5.0;41.0;54.0;10.0;76.21;15.542857142857098;201.1;5.0;3.44;9.199999999999989;-0.5899999999999999;-0.33999999999999986
RAB;anjou;11/10/2016;6.0;41.0;59.0;0.0;70.86;12.55;217.0;5.19;3.86;15.900000000000006;0.1900000000000004;0.41999999999999993
ROC;anjou;13/09/2016;1.0;42.0;44.9;12.8;66.57;22.5;153.7;8.38;8.14;NA;NA;NA
ROC;anjou;20/09/2016;2.0;42.0;24.4;11.6;76.21;17.7714285714286;170.4;6.96;5.93;16.700000000000017;-1.4200000000000008;-2.210000000000001
ROC;anjou;27/09/2016;3.0;42.0;48.5;0.4;68.21;18.3357142857143;189.7;6.86;5.55;19.299999999999983;-0.09999999999999964;-0.3799999999999999
ROC;anjou;04/10/2016;4.0;42.0;41.0;5.8;74.86;16.15;205.7;6.27;4.73;16.0;-0.5900000000000007;-0.8199999999999994
ROC;anjou;11/10/2016;5.0;42.0;38.7;0.2;72.07;12.65;216.0;6.03;4.46;10.300000000000011;-0.23999999999999932;-0.27000000000000046
ROC;anjou;18/10/2016;6.0;42.0;24.6;3.4;78.36;12.0642857142857;219.5;5.83;4.68;3.5;-0.20000000000000018;0.21999999999999975
SAV;anjou;13/09/2016;1.0;43.0;44.9;11.8;68.64;21.7214285714286;144.8;8.28;6.89;NA;NA;NA
SAV;anjou;20/09/2016;2.0;43.0;24.4;7.6;77.86;17.3;158.1;6.76;4.97;13.299999999999983;-1.5199999999999996;-1.92
SAV;anjou;27/09/2016;3.0;43.0;48.5;0.4;70.86;17.3642857142857;180.5;6.47;4.45;22.400000000000006;-0.29000000000000004;-0.5199999999999996
SAV;anjou;04/10/2016;4.0;43.0;41.0;10.8;77.36;15.621428571428599;189.7;5.73;3.77;9.199999999999989;-0.7399999999999993;-0.6800000000000002
SAV;anjou;11/10/2016;5.0;43.0;38.7;0.0;73.29;11.9714285714286;203.3;5.49;3.58;13.600000000000023;-0.2400000000000002;-0.18999999999999995
SAV;anjou;18/10/2016;6.0;43.0;24.6;2.2;79.43;11.785714285714299;203.3;5.39;3.65;0.0;-0.10000000000000053;0.06999999999999984
CHR;touraine;14/09/2016;1.0;44.0;38.0;22.2;68.5;20.471428571428604;156.0;9.35;9.9;NA;NA;NA
CHR;touraine;21/09/2016;2.0;44.0;21.0;13.2;77.0;15.6714285714286;165.0;7.6;7.1;9.0;-1.75;-2.8000000000000007
CHR;touraine;28/09/2016;3.0;44.0;40.0;0.4;69.0;16.9357142857143;183.0;6.85;5.9;18.0;-0.75;-1.1999999999999993
CHR;touraine;05/10/2016;4.0;44.0;37.0;13.8;74.64;14.5071428571429;198.0;6.55;4.6;15.0;-0.2999999999999998;-1.3000000000000007
CHR;touraine;12/10/2016;5.0;44.0;35.0;0.4;71.5;10.0714285714286;218.0;6.0;4.5;20.0;-0.5499999999999998;-0.09999999999999964
CHR;touraine;19/10/2016;6.0;44.0;23.0;2.8;79.07;11.36;211.0;6.0;5.0;-7.0;0.0;0.5
REH;touraine;14/09/2016;1.0;45.0;38.0;22.2;68.5;20.471428571428604;153.0;8.75;8.5;NA;NA;NA
REH;touraine;21/09/2016;2.0;45.0;21.0;13.2;77.0;15.6714285714286;160.0;7.0;6.1;7.0;-1.75;-2.4000000000000004
REH;touraine;28/09/2016;3.0;45.0;40.0;0.4;69.0;16.9357142857143;180.0;6.5;4.8;20.0;-0.5;-1.2999999999999998
REH;touraine;05/10/2016;4.0;45.0;37.0;13.8;74.64;14.5071428571429;197.0;5.75;3.7;17.0;-0.75;-1.0999999999999996
REH;touraine;12/10/2016;5.0;45.0;35.0;0.4;71.5;10.0714285714286;215.0;5.75;3.8;18.0;0.0;0.09999999999999964
REH;touraine;19/10/2016;6.0;45.0;23.0;2.8;79.07;11.3642857142857;213.0;5.45;3.6;-2.0;-0.2999999999999998;-0.19999999999999973
ROL;touraine;14/09/2016;2.0;46.0;38.0;22.2;68.5;20.471428571428604;172.0;7.15;6.2;NA;NA;NA
ROL;touraine;21/09/2016;3.0;46.0;21.0;13.2;77.0;15.6714285714286;185.0;5.65;4.0;13.0;-1.5;-2.2
ROL;touraine;28/09/2016;4.0;46.0;40.0;0.4;69.0;16.9357142857143;194.0;5.8;3.9;9.0;0.14999999999999947;-0.10000000000000009
ROL;touraine;05/10/2016;5.0;46.0;37.0;13.8;74.64;14.5071428571429;209.0;5.05;2.8;15.0;-0.75;-1.1
ROL;touraine;12/10/2016;6.0;46.0;38.0;0.4;72.57;10.807142857142901;222.0;5.65;3.4;13.0;0.6000000000000005;0.6000000000000001
VEG;touraine;14/09/2016;1.0;47.0;38.0;22.2;68.5;20.471428571428604;162.0;9.2;10.0;NA;NA;NA
VEG;touraine;21/09/2016;2.0;47.0;21.0;13.2;77.0;15.6714285714286;166.0;7.95;7.4;4.0;-1.2499999999999991;-2.5999999999999996
VEG;touraine;28/09/2016;3.0;47.0;40.0;0.4;69.0;16.9357142857143;200.0;6.55;5.7;34.0;-1.4000000000000004;-1.7000000000000002
VEG;touraine;05/10/2016;4.0;47.0;37.0;13.8;74.64;14.5071428571429;199.0;6.35;4.4;-1.0;-0.20000000000000018;-1.2999999999999998
VEG;touraine;12/10/2016;5.0;47.0;35.0;0.4;71.5;10.0714285714286;225.0;6.55;4.7;26.0;0.20000000000000018;0.2999999999999998
VEG;touraine;19/10/2016;6.0;47.0;23.0;2.8;79.07;11.3642857142857;218.0;6.0;5.6;-7.0;-0.5499999999999998;0.8999999999999995
BMO;anjou;13/09/2016;1.0;48.0;NA;NA;NA;NA;NA;NA;NA;NA;NA;NA
BMO;anjou;20/09/2016;2.0;48.0;51.0;12.2;78.86;17.4357142857143;157.0;9.41;9.42;NA;NA;NA
BMO;anjou;27/09/2016;3.0;48.0;63.0;0.6;69.93;16.692857142857097;187.4;8.38;7.83;30.400000000000006;-1.0299999999999994;-1.5899999999999999
BMO;anjou;04/10/2016;4.0;48.0;61.0;8.6;76.71;15.1714285714286;191.9;7.5;6.22;4.5;-0.8800000000000008;-1.6100000000000003
BMO;anjou;11/10/2016;5.0;48.0;57.0;0.0;73.64;11.0714285714286;205.7;7.15;6.24;13.799999999999983;-0.34999999999999964;0.020000000000000462
BMO;anjou;18/10/2016;6.0;48.0;43.0;3.6;80.0;11.08;210.3;6.91;6.11;4.600000000000023;-0.2400000000000002;-0.1299999999999999
LAN;anjou;13/09/2016;1.0;49.0;NA;NA;NA;NA;NA;NA;NA;NA;NA;NA
LAN;anjou;20/09/2016;2.0;49.0;51.25;20.8;80.36;17.25;155.9;7.5;6.15;NA;NA;NA
LAN;anjou;27/09/2016;3.0;49.0;60.75;0.2;68.79;17.55;182.8;7.11;5.31;26.900000000000006;-0.3899999999999997;-0.8400000000000007
LAN;anjou;04/10/2016;4.0;49.0;57.0;14.0;78.14;15.25;194.2;6.22;4.4;11.399999999999977;-0.8900000000000006;-0.9099999999999993
LAN;anjou;11/10/2016;5.0;49.0;53.5;0.0;74.07;11.8857142857143;198.8;6.27;4.53;4.600000000000023;0.04999999999999982;0.1299999999999999
LAN;anjou;18/10/2016;6.0;49.0;39.25;3.4;80.36;10.95;212.5;6.13;4.6;13.699999999999989;-0.13999999999999968;0.0699999999999994
PAS;anjou;13/09/2016;1.0;50.0;NA;NA;NA;NA;NA;NA;NA;NA;NA;NA
PAS;anjou;20/09/2016;2.0;50.0;45.25;3.0;80.14;16.992857142857098;151.5;6.57;5.45;NA;NA;NA
PAS;anjou;27/09/2016;3.0;50.0;60.75;0.2;69.57;16.985714285714298;178.3;6.57;4.85;26.80000000000001;0.0;-0.6000000000000005
PAS;anjou;04/10/2016;4.0;50.0;49.0;12.0;78.21;14.964285714285701;196.5;5.88;4.16;18.19999999999999;-0.6900000000000004;-0.6899999999999995
PAS;anjou;11/10/2016;5.0;50.0;56.5;0.0;74.93;11.392857142857098;202.2;5.59;4.0;5.699999999999989;-0.29000000000000004;-0.16000000000000014
PAS;anjou;18/10/2016;6.0;50.0;37.75;1.2;80.36;10.957142857142902;207.9;5.15;3.68;5.700000000000017;-0.4399999999999995;-0.31999999999999984
CHP;touraine;14/09/2016;1.0;51.0;NA;NA;NA;NA;NA;NA;NA;NA;NA;NA
CHP;touraine;21/09/2016;2.0;51.0;21.0;13.2;77.0;15.6714285714286;172.0;8.35;7.5;NA;NA;NA
CHP;touraine;28/09/2016;3.0;51.0;40.0;0.4;69.0;16.9357142857143;191.0;7.65;7.0;19.0;-0.6999999999999993;-0.5
CHP;touraine;05/10/2016;4.0;51.0;37.0;13.8;74.64;14.5071428571429;209.0;6.7;4.7;18.0;-0.9500000000000002;-2.3
CHP;touraine;12/10/2016;5.0;51.0;35.0;0.4;71.5;10.0714285714286;220.0;6.75;6.4;11.0;0.04999999999999982;1.7000000000000002
CHP;touraine;19/10/2016;6.0;51.0;23.0;2.8;79.07;11.36;228.0;6.25;5.4;8.0;-0.5;-1.0
NOC;touraine;14/09/2016;1.0;52.0;NA;NA;NA;NA;NA;NA;NA;NA;NA;NA
NOC;touraine;21/09/2016;2.0;52.0;21.0;13.2;77.0;15.6714285714286;145.0;7.9;6.2;NA;NA;NA
NOC;touraine;28/09/2016;3.0;52.0;40.0;0.4;69.0;16.9357142857143;165.0;7.1;5.4;20.0;-0.8000000000000007;-0.7999999999999998
NOC;touraine;05/10/2016;4.0;52.0;37.0;13.8;74.64;14.5071428571429;186.0;6.0;3.7;21.0;-1.0999999999999996;-1.7000000000000002
NOC;touraine;12/10/2016;5.0;52.0;35.0;0.4;71.5;10.0714285714286;194.0;5.7;3.4;8.0;-0.2999999999999998;-0.30000000000000027
NOC;touraine;12/10/2016;6.0;52.0;23.0;2.8;79.07;11.3642857142857;200.0;5.85;3.6;6.0;0.14999999999999947;0.20000000000000018
VEB;touraine;14/09/2016;2.0;53.0;NA;NA;NA;NA;NA;NA;NA;NA;NA;NA
VEB;touraine;21/09/2016;3.0;53.0;21.0;13.2;77.0;15.6714285714286;149.0;9.35;8.6;NA;NA;NA
VEB;touraine;28/09/2016;4.0;53.0;40.0;0.4;69.0;16.9357142857143;177.0;7.45;6.8;28.0;-1.8999999999999995;-1.7999999999999998
VEB;touraine;05/10/2016;5.0;53.0;37.0;13.8;74.64;14.5071428571429;199.0;7.25;5.4;22.0;-0.20000000000000018;-1.3999999999999995
VEB;touraine;12/10/2016;6.0;53.0;38.0;0.4;72.57;10.807142857142901;195.0;8.0;7.4;-4.0;0.75;2.0
VEDF;touraine;14/09/2016;1.0;54.0;NA;NA;NA;NA;NA;NA;NA;NA;NA;NA
VEDF;touraine;21/09/2016;2.0;54.0;21.0;13.2;77.0;15.6714285714286;158.0;8.65;8.0;NA;NA;NA
VEDF;touraine;28/09/2016;3.0;54.0;40.0;0.4;69.0;16.9357142857143;183.0;7.05;6.3;25.0;-1.6000000000000005;-1.7000000000000002
VEDF;touraine;05/10/2016;4.0;54.0;37.0;13.8;74.64;14.5071428571429;192.0;6.4;4.3;9.0;-0.6499999999999995;-2.0
VEDF;touraine;12/10/2016;5.0;54.0;35.0;0.4;71.5;10.0714285714286;210.0;6.75;4.9;18.0;0.34999999999999964;0.6000000000000005
VEDF;touraine;19/10/2016;6.0;54.0;23.0;2.8;79.07;11.3642857142857;214.0;5.95;5.0;4.0;-0.7999999999999998;0.09999999999999964
VEDM;touraine;14/09/2016;1.0;55.0;NA;NA;NA;NA;NA;NA;NA;NA;NA;NA
VEDM;touraine;21/09/2016;2.0;55.0;21.0;13.2;77.0;15.6714285714286;165.0;8.95;8.7;NA;NA;NA
VEDM;touraine;28/09/2016;3.0;55.0;40.0;0.4;69.0;16.9357142857143;181.0;7.9;7.6;16.0;-1.049999999999999;-1.0999999999999996
VEDM;touraine;05/10/2016;4.0;55.0;37.0;13.8;74.64;14.5071428571429;194.0;6.95;5.6;13.0;-0.9500000000000002;-2.0
VEDM;touraine;12/10/2016;5.0;55.0;35.0;0.4;71.5;10.0714285714286;211.0;6.7;6.1;17.0;-0.25;0.5
VEDM;touraine;19/10/2016;6.0;55.0;23.0;2.8;79.07;11.3642857142857;217.0;6.45;5.6;6.0;-0.25;-0.5
VOF;touraine;14/09/2016;3.0;56.0;NA;NA;NA;NA;NA;NA;NA;NA;NA;NA
VOF;touraine;21/09/2016;4.0;56.0;21.0;13.2;77.0;15.6714285714286;154.0;8.1;7.6;NA;NA;NA
VOF;touraine;28/09/2016;5.0;56.0;40.0;0.4;69.0;16.9357142857143;174.0;7.25;6.2;20.0;-0.8499999999999996;-1.3999999999999995
VOF;touraine;05/10/2016;6.0;56.0;37.0;13.8;74.64;14.5071428571429;175.0;6.5;4.4;1.0;-0.75;-1.7999999999999998
CAD;anjou;05/09/2017;3.0;57.0;25.4225778205838;7.341603249236321;76.8;16.353226079094302;189.7;6.57;6.07;NA;NA;NA
CAD;anjou;12/09/2017;4.0;57.0;31.0590330214638;22.9721091804732;74.56;15.429262127525899;203.3;5.78;5.19;13.600000000000023;-0.79;-0.8799999999999999
CAD;anjou;19/09/2017;5.0;57.0;37.6729009356087;28.527191263683896;79.58;13.1059905652961;205.7;5.2;4.56;2.3999999999999773;-0.5800000000000001;-0.6300000000000008
CAD;anjou;26/09/2017;6.0;57.0;54.29;2.01;75.75;15.15;224.1;5.02;4.12;18.400000000000006;-0.1800000000000006;-0.4399999999999995
COR;anjou;05/09/2017;3.0;58.0;26.84;5.195474087384019;75.11;16.366074521774898;196.5;6.52;5.82;NA;NA;NA
COR;anjou;12/09/2017;4.0;58.0;30.64;18.2162628832746;72.98;15.5074334305602;205.7;6.17;5.3;9.199999999999989;-0.34999999999999964;-0.5200000000000005
COR;anjou;19/09/2017;5.0;58.0;38.13;17.0783724693825;78.31;12.884817819834002;221.7;5.32;4.29;16.0;-0.8499999999999996;-1.0099999999999998
COR;anjou;26/09/2017;6.0;58.0;54.03;0.3;74.71;14.69;238.2;5.5;4.36;16.5;0.17999999999999972;0.07000000000000028
D2M;anjou;05/09/2017;4.0;59.0;25.36;6.99071505606444;76.37;16.4096606136638;187.4;7.11;6.87;NA;NA;NA
D2M;anjou;12/09/2017;5.0;59.0;30.96;26.582006097891398;73.58;15.6578391627319;207.9;6.47;6.03;20.5;-0.6400000000000006;-0.8399999999999999
D2M;anjou;19/09/2017;6.0;59.0;38.28;22.97;76.0;13.42;214.8;6.12;6.07;6.900000000000006;-0.34999999999999964;0.040000000000000036
FAY;anjou;05/09/2017;3.0;60.0;26.84;4.477349642595019;74.7;16.4677065084819;173.7;6.91;6.11;NA;NA;NA
FAY;anjou;12/09/2017;4.0;60.0;30.64;19.482677563456896;73.58;15.245338518155;187.4;6.52;5.85;13.700000000000017;-0.39000000000000057;-0.2600000000000007
FAY;anjou;19/09/2017;5.0;60.0;38.13;17.6055998513164;79.84;12.7993832174402;196.5;5.66;4.77;9.099999999999994;-0.8599999999999994;-1.08
FAY;anjou;26/09/2017;6.0;60.0;54.03;0.61;74.57;15.02;219.5;5.41;4.51;23.0;-0.25;-0.2599999999999998
MB;anjou;05/09/2017;3.0;61.0;29.96;25.9276926402984;73.43;16.7928571428571;196.5;5.24;3.95;NA;NA;NA
MB;anjou;12/09/2017;4.0;61.0;30.29;17.9360172860912;73.57;15.0071428571429;210.0;4.61;3.24;13.5;-0.6299999999999999;-0.71
MB;anjou;19/09/2017;5.0;61.0;38.43;17.8614255856478;79.0;12.978571428571401;210.3;4.3;2.77;0.30000000000001137;-0.3100000000000005;-0.4700000000000002
MB;anjou;26/09/2017;6.0;61.0;51.78;0.21;73.14;15.32;233.4;4.22;2.56;23.099999999999994;-0.08000000000000007;-0.20999999999999996
PUY;anjou;05/09/2017;3.0;62.0;29.96;25.9276926402984;73.43;16.7928571428571;173.7;9.46;9.27;NA;NA;NA
PUY;anjou;12/09/2017;4.0;62.0;30.29;17.9360172860912;73.57;15.0071428571429;194.2;8.62;8.04;20.5;-0.8400000000000016;-1.2300000000000004
PUY;anjou;19/09/2017;5.0;62.0;38.43;17.8614255856478;79.0;12.978571428571401;214.8;6.21;5.31;20.600000000000023;-2.4099999999999993;-2.7299999999999995
PUY;anjou;26/09/2017;6.0;62.0;51.78;0.21;73.14;15.32;226.4;6.31;5.27;11.599999999999994;0.09999999999999964;-0.040000000000000036
RAB;anjou;05/09/2017;4.0;63.0;26.62;6.91665077999224;74.15;16.6784476936532;207.9;4.36;3.98;NA;NA;NA
RAB;anjou;12/09/2017;5.0;63.0;30.64;20.6672173200818;72.72;15.598796923515;217.2;4.07;3.7;9.299999999999983;-0.29000000000000004;-0.2799999999999998
RAB;anjou;19/09/2017;6.0;63.0;38.74;18.89;76.0;13.35;224.1;4.23;3.8;6.900000000000006;0.16000000000000014;0.09999999999999964
ROC;anjou;05/09/2017;3.0;64.0;25.16;6.6249501198047005;76.21;16.3428571428571;189.7;5.78;5.01;NA;NA;NA
ROC;anjou;12/09/2017;4.0;64.0;31.13;23.399604816841002;74.21;15.4214285714286;201.1;5.15;4.12;11.400000000000006;-0.6299999999999999;-0.8899999999999997
ROC;anjou;19/09/2017;5.0;64.0;37.46;26.545875300989398;80.14;13.1;203.3;4.93;4.12;2.200000000000017;-0.22000000000000064;0.0
ROC;anjou;26/09/2017;6.0;64.0;54.06;1.6;75.29;15.35;226.4;4.81;3.78;23.099999999999994;-0.1200000000000001;-0.3400000000000003
CHR;touraine;04/09/2017;3.0;65.0;38.82;10.4771023665258;72.24;17.978557876991196;190.0;6.3;6.9;NA;NA;NA
CHR;touraine;12/09/2017;4.0;65.0;23.68;23.249238703881698;74.4;15.4827186934431;202.0;6.4;5.8;12.0;0.10000000000000053;-1.1000000000000005
CHR;touraine;18/09/2017;5.0;65.0;37.82;26.6897408986939;76.76;13.0833567341926;196.0;6.25;6.0;-6.0;-0.15000000000000036;0.20000000000000018
CHR;touraine;26/09/2017;6.0;65.0;56.05;3.65;74.74;14.05;226.0;5.9;5.6;30.0;-0.34999999999999964;-0.40000000000000036
REH;touraine;22/08/2017;3.0;66.0;;;;;166.0;12.05;4.6;NA;NA;NA
REH;touraine;04/09/2017;4.0;66.0;38.82;9.15084600432511;73.5;17.65;196.0;6.5;6.3;30.0;-5.550000000000001;1.7000000000000002
REH;touraine;12/09/2017;5.0;66.0;23.68;26.644377812677302;75.29;15.1857142857143;199.0;6.7;6.2;3.0;0.20000000000000018;-0.09999999999999964
REH;touraine;18/09/2017;6.0;66.0;37.82;25.32;77.07;12.79;212.0;6.5;6.4;13.0;-0.20000000000000018;0.20000000000000018
ROL;touraine;04/09/2017;3.0;67.0;38.82;10.4771023665258;72.24;17.978557876991196;194.0;6.45;5.8;NA;NA;NA
ROL;touraine;12/09/2017;4.0;67.0;23.68;23.249238703881698;74.4;15.4827186934431;215.0;6.0;4.4;21.0;-0.4500000000000002;-1.3999999999999995
ROL;touraine;18/09/2017;5.0;67.0;37.82;26.6897408986939;76.76;13.0833567341926;213.0;6.0;5.5;-2.0;0.0;1.0999999999999996
ROL;touraine;26/09/2017;6.0;67.0;56.05;3.65;74.74;14.05;225.0;5.7;5.1;12.0;-0.2999999999999998;-0.40000000000000036
VEG;touraine;04/09/2017;3.0;68.0;38.82;10.4771023665258;72.24;17.978557876991196;189.0;8.0;9.0;NA;NA;NA
VEG;touraine;12/09/2017;4.0;68.0;23.68;23.249238703881698;74.4;15.4827186934431;205.0;7.25;7.3;16.0;-0.75;-1.7000000000000002
VEG;touraine;18/09/2017;5.0;68.0;37.82;26.6897408986939;76.76;13.0833567341926;212.0;6.7;7.6;7.0;-0.5499999999999998;0.2999999999999998
VEG;touraine;26/09/2017;6.0;68.0;56.05;3.65;74.74;14.05;221.0;6.05;6.0;9.0;-0.6500000000000004;-1.5999999999999996
BMO;anjou;05/09/2017;3.0;69.0;25.92;6.823420071409499;76.13;16.500679516646;187.4;7.69;7.48;NA;NA;NA
BMO;anjou;12/09/2017;4.0;69.0;30.16;26.436895714380498;72.96;15.6399059466482;205.7;6.96;6.47;18.299999999999983;-0.7300000000000004;-1.0100000000000007
BMO;anjou;19/09/2017;5.0;69.0;37.27;17.3291379959863;78.71;13.4707663834477;207.9;6.63;6.81;2.200000000000017;-0.33000000000000007;0.33999999999999986
BMO;anjou;26/09/2017;6.0;69.0;53.02;0.11;74.57;15.41;228.7;6.14;5.94;20.799999999999983;-0.4900000000000002;-0.8699999999999992
LAN;anjou;05/09/2017;3.0;70.0;29.34;23.7241766646326;74.59;17.0352033938997;162.6;6.62;4.65;NA;NA;NA
LAN;anjou;12/09/2017;4.0;70.0;29.5;23.464698747712003;72.36;15.9321902632155;191.9;5.24;3.39;29.30000000000001;-1.38;-1.2600000000000002
LAN;anjou;19/09/2017;5.0;70.0;37.91;18.2561845754529;76.79;13.6710976895863;194.2;5.03;3.28;2.299999999999983;-0.20999999999999996;-0.11000000000000032
LAN;anjou;26/09/2017;6.0;70.0;51.08;0.22;72.9;15.69;214.8;4.69;2.73;20.600000000000023;-0.33999999999999986;-0.5499999999999998
PAS;anjou;05/09/2017;4.0;71.0;29.03;17.7401876568795;75.36;16.3117723397051;191.9;6.57;5.82;NA;NA;NA
PAS;anjou;12/09/2017;5.0;71.0;30.66;21.8549690708387;74.88;15.028174161972101;205.7;6.32;5.28;13.799999999999983;-0.25;-0.54
PAS;anjou;19/09/2017;6.0;71.0;39.18;17.26;77.09;12.93;226.4;5.01;4.0;20.700000000000017;-1.3100000000000005;-1.2800000000000002
CHP;touraine;04/09/2017;3.0;72.0;38.82;10.4771023665258;72.24;17.978557876991196;192.0;7.6;7.8;NA;NA;NA
CHP;touraine;12/09/2017;4.0;72.0;23.68;23.249238703881698;74.4;15.4827186934431;210.0;7.15;6.4;18.0;-0.4499999999999993;-1.3999999999999995
CHP;touraine;18/09/2017;5.0;72.0;37.82;26.6897408986939;76.76;13.0833567341926;209.0;7.25;7.4;-1.0;0.09999999999999964;1.0
CHP;touraine;26/09/2017;6.0;72.0;56.05;3.64;74.74;14.05;224.0;6.7;6.4;15.0;-0.5499999999999998;-1.0
NOC;touraine;04/09/2017;4.0;73.0;38.82;9.15084600432511;73.5;17.65;170.0;6.4;5.1;NA;NA;NA
NOC;touraine;12/09/2017;5.0;73.0;23.68;26.644377812677302;75.29;15.1857142857143;185.0;5.75;3.8;15.0;-0.6500000000000004;-1.2999999999999998
NOC;touraine;18/09/2017;6.0;73.0;37.82;25.32;77.07;12.79;203.0;5.2;4.2;18.0;-0.5499999999999998;0.40000000000000036
VEB;touraine;04/09/2017;3.0;74.0;38.82;10.4771023665258;72.24;17.978557876991196;167.0;7.9;8.7;NA;NA;NA
VEB;touraine;12/09/2017;4.0;74.0;23.68;23.249238703881698;74.4;15.4827186934431;184.0;7.8;8.1;17.0;-0.10000000000000053;-0.5999999999999996
VEB;touraine;18/09/2017;5.0;74.0;37.82;26.6897408986939;76.76;13.0833567341926;197.0;6.0;6.2;13.0;-1.7999999999999998;-1.8999999999999995
VEB;touraine;26/09/2017;6.0;74.0;56.05;3.65;74.74;14.05;207.0;5.75;5.6;10.0;-0.25;-0.6000000000000005
VEDF;touraine;04/09/2017;3.0;75.0;38.82;6.931023435033669;73.46;17.576588531592698;176.0;7.1;8.3;NA;NA;NA
VEDF;touraine;12/09/2017;4.0;75.0;23.68;26.775840664144397;75.55;15.038727683240198;206.0;6.4;5.9;30.0;-0.6999999999999993;-2.4000000000000004
VEDF;touraine;18/09/2017;5.0;75.0;37.82;27.4742790422367;77.22;12.706656156716301;220.0;5.9;5.5;14.0;-0.5;-0.40000000000000036
VEDF;touraine;26/09/2017;6.0;75.0;56.05;3.58;75.93;13.55;221.0;5.55;5.5;1.0;-0.35000000000000053;0.0
VEDM;touraine;04/09/2017;3.0;76.0;38.82;6.931023435033669;73.46;17.576588531592698;193.0;7.4;7.5;NA;NA;NA
VEDM;touraine;12/09/2017;4.0;76.0;23.68;26.775840664144397;75.55;15.038727683240198;206.0;6.85;6.2;13.0;-0.5500000000000007;-1.2999999999999998
VEDM;touraine;18/09/2017;5.0;76.0;37.82;27.4742790422367;77.22;12.706656156716301;219.0;6.4;7.0;13.0;-0.4499999999999993;0.7999999999999998
VEDM;touraine;26/09/2017;6.0;76.0;56.05;3.58;75.93;13.55;221.0;6.2;6.1;2.0;-0.20000000000000018;-0.9000000000000004
VOF;touraine;04/09/2017;3.0;77.0;38.82;10.4771023665258;72.24;17.978557876991196;193.0;6.5;6.9;NA;NA;NA
VOF;touraine;12/09/2017;4.0;77.0;23.68;23.249238703881698;74.4;15.4827186934431;174.0;7.2;6.7;-19.0;0.7000000000000002;-0.20000000000000018
VOF;touraine;18/09/2017;5.0;77.0;37.82;26.6897408986939;76.76;13.0833567341926;218.0;6.25;6.8;44.0;-0.9500000000000002;0.09999999999999964
VOF;touraine;26/09/2017;6.0;77.0;56.05;3.65;74.74;14.05;222.0;5.85;5.7;4.0;-0.40000000000000036;-1.0999999999999996
MOM;touraine;04/09/2017;3.0;78.0;38.82;10.4771023665258;72.24;17.978557876991196;179.0;7.0;7.0;NA;NA;NA
MOM;touraine;12/09/2017;4.0;78.0;23.68;23.249238703881698;74.4;15.4827186934431;198.0;6.65;6.4;19.0;-0.34999999999999964;-0.5999999999999996
MOM;touraine;18/09/2017;5.0;78.0;37.82;26.6897408986939;76.76;13.0833567341926;202.0;6.25;6.3;4.0;-0.40000000000000036;-0.10000000000000053
MOM;touraine;26/09/2017;6.0;78.0;56.05;3.65;74.74;14.05;224.0;5.4;5.0;22.0;-0.8499999999999996;-1.2999999999999998
SMB;touraine;04/09/2017;4.0;79.0;38.82;10.4771023665258;72.24;17.978557876991196;177.0;7.9;8.3;NA;NA;NA
SMB;touraine;12/09/2017;5.0;79.0;23.68;23.249238703881698;74.4;15.4827186934431;195.0;6.15;4.7;18.0;-1.75;-3.6000000000000005
SMB;touraine;18/09/2017;6.0;79.0;37.82;26.68;76.76;13.08;208.0;7.2;8.0;13.0;1.0499999999999998;3.3
